{"0": {"exhibitor_id": 691, "distance": 118.37651794169315}, "1": {"exhibitor_id": 694, "distance": 118.6086000254619}, "2": {"exhibitor_id": 636, "distance": 118.89491158161479}, "3": {"exhibitor_id": 614, "distance": 118.91593669479293}, "4": {"exhibitor_id": 728, "distance": 118.92014127135907}}