{"0": {"exhibitor_id": 694, "distance": 1.4142135623730951}, "1": {"exhibitor_id": 665, "distance": 1.7320508075688772}, "2": {"exhibitor_id": 681, "distance": 1.7320508075688772}, "3": {"exhibitor_id": 691, "distance": 1.7320508075688772}, "4": {"exhibitor_id": 622, "distance": 2.0}}